ID,Title,Year,Venue,DOI,Task,Scenario,Apple/Fruit Type,Dataset,Maturity Definition,Model,Baseline,Key Modification,Metrics,Main Result,Limitations,Ordinal,Illumination Robustness,External Validation,Code,Relevance,Source,Evidence Location,Access,Publication Status
P01,Enhancing precision harvesting in smart orchards: a light-weight neural network for apple maturity detection,2026,Frontiers in Plant Science,10.3389/fpls.2026.1820164,框检测+4阶段,真实果园,Apple; cultivar未明确,Orchard Apple Maturity; 2039 images,Young/Pre-growth/Late-growth/Ripe; 生理测量依据未明确,HRLN-YOLO,YOLO11n; YOLOv8n等,轻量backbone/neck/head和NWD,mAP50; mAP50:95; parameters; FLOPs,同文YOLO11n mAP50=93.2%; 作者报告改进+1.7个百分点,阶段顺序及标注依据待核；不能将该划分指标直接移作本项目结果,未使用显式序数监督,HSV/亮度/对比度等常规增强；非完整光照归因试验,未核验,本轮未定位到可核验官方实现,Very high: 同候选数据/基线,https://www.frontiersin.org/journals/plant-science/articles/10.3389/fpls.2026.1820164/full,§2.1–2.2; Table1; Conclusions,全文可访问；本轮抽取相关章节,Published
P02,BGWL-YOLO: A Lightweight and Efficient Object Detection Model for Apple Maturity Classification Based on the YOLOv11n Improvement,2025,Horticulturae,10.3390/horticulturae11091068,框检测+成熟分类,多来源图像,Apple,"10,320 images; 多数据集合并（出版社索引正文）",高/低成熟；着色判据，生理测量未核验,BGWL-YOLO,YOLO11n,GhostConv; BiFPN; WIMIoU; LAMP,mAP; efficiency（数值不提取）,公开正文片段确认轻量化、多尺度融合及标签分配路线,MDPI维护/403；完整划分、消融、混合数据来源需补全文,未核验,未核验,未核验,本轮未定位到可核验官方实现,High: 同类轻量成熟检测,https://www.mdpi.com/2311-7524/11/9/1068,出版社索引§2/§3.1; Crossref题名/DOI核对,部分正文/摘要；非全文精读,Published
P03,Foundation model-based apple ripeness and size estimation for selective harvesting,2025,Computers and Electronics in Agriculture,10.1016/j.compag.2025.110407,框检测+二分类；另含尺寸估计,果园RGB-D/多视图,Fuji apple,4027 images;16257 apples,颜色+采集日期；正文明确红=ripe、绿=unripe,Grounding DINO; SAM,参见原文；不提取未核对表格,基础模型微调与分割测径,detection mAP; size error,提供二分类成熟检测数据及推理仓库；不能据此校准糖度,多视角、年份/日期混杂风险；两类不支持多阶段严重跨级评价,二类，非多级ordinal,自然变化；未核实独立corruption suite,两来源组成数据，非自动等于外部holdout,https://github.com/zhukeyi-stan/Fuji_Ripeness_And_Size_Estimation,Very high: 数据/检测任务,https://arxiv.org/html/2502.01850v1,§2.1 dataset; 正式版DOI另核；具体方法来自v1,全文可访问；本轮抽取相关章节,Published
P04,"AppleGrowthVision: A large-scale stereo dataset for phenological analysis, fruit detection, and 3D reconstruction in apple orchards",2025,CVPR Workshops,未核验；使用CVF稳定链接,图像BBCH分类；果实检测；3D,德国果园,Apple,9317 stereo images; 1125 dense images/31084 labels（论文版本）,6个专家核验主BBCH阶段；不是6个逐果成熟标签,CNN分类;YOLOv8;Faster R-CNN,VGG16;ResNet152;DenseNet201;MobileNetv2,增长周期数据/跨来源组合,classification accuracy; detection F1,同时提供物候与定位研究入口,官网摘要另写777/21934；版本计数不一致；图像物候与果实成熟不可混用,未使用显式序数监督,自然光照/遮挡；非独立强度光照对照,多果园/数据混合；需区分混合训练与外部验证,https://github.com/fraunhoferhhi/AppleGrowthVision,High: 分组元信息/辅助检测,https://arxiv.org/html/2505.14029v1,Dataset; Experiments; 官网Remaining challenges,全文可访问；本轮抽取相关章节,Published
P05,"A multi-stage, pixel-level annotated apple dataset for precision agriculture research",2026,Data in Brief,10.1016/j.dib.2026.112856,3阶段实例分割，可导出框,陕西真实果园2017–2019,Fuji;Gala,1124原图/2108实例；增强后1406/2574（论文）,绿/转色/红；单标注者+农业专家复核；无配对生理指标,YOLO11n-seg;Mask R-CNN,Mask R-CNN R50,公开阶段多边形标注,mask mAP50:95,论文Table5报告YOLO11n-seg .939; Mask R-CNN .816；不是box mAP,仓库2573而论文2574；有离线增强与双分辨率副本；需核查派生图隔离,标签有候选顺序；模型非显式ordinal,HSV V增强和噪声；无独立天然光照归因证据,单地多年份；未核验跨园外测,本轮未定位到可核验官方实现,Very high: 三阶段公开数据,https://pmc.ncbi.nlm.nih.gov/articles/PMC13226782/,Europe PMC fullTextXML; §3/Table1; §4.3–4.6/Table4–5; Limitations,全文可访问；本轮抽取相关章节,Published
P06,DeepPhenoTree-Apple Edition: a multi-site apple phenology RGB annotated dataset with deep learning baseline models,2026,Plant Methods,10.1186/s13007-026-01591-w,物候RGB数据与模型,4个欧洲果园,Apple,摘要48320 images; curated808；annotation单位待核,BBCH；不等于逐果成熟真值,见正式全文，当前未核验,未核验,多站点物候数据,不提取摘要外指标,多地点物候数据值得跟踪,2026-09新文章；细粒度标注/下载许可未完成核验,未核验,主动闪光用于光照一致化,多站点采集；独立外部划分待核,本轮未定位到可核验官方实现,Medium: 后续物候备选,https://link.springer.com/article/10.1186/s13007-026-01591-w,Abstract; publication metadata,部分正文/摘要；非全文精读,Published online; early article
P07,FruitProM-V2: Robust Probabilistic Maturity Estimation and Detection of Fruits and Vegetables,2026,arXiv,10.48550/arXiv.2604.26084,框检测+概率连续潜在成熟度,tomato场景,Tomato,3-stage tomato dataset,离散视觉标签；两位标注者一致性分析,RT-DETRv2 + Beta distribution head,RT-DETRv2 categorical head,Beta CDF区间概率+focal loss,mAP50;mAP50:95;label agreement,clean: baseline .960/.847 vs proposed .955/.845；干净标签非全面提升,预印本；tomato非apple；潜变量未用生理量校准；Table2验证/测试表述需澄清,有序区间概率建模；非CORAL,标签噪声鲁棒性，不等同光照鲁棒性,未核验,本轮未定位到可核验官方实现,Very high: 成熟连续性与不确定性反例,https://arxiv.org/html/2604.26084v1,§3.1–3.4; §4/Table2,全文可访问；本轮抽取相关章节,Preprint v1; non-peer-reviewed
P08,Oil Palm Fruit Maturity Classification Algorithm Based on LAB Dual-Branch Feature Fusion,2026,Applied Sciences,10.3390/app16147292,5级图像分类,油棕分级；非苹果果园检测,Oil palm,public oil palm dataset; additional datasets,Immature/Partially ripe/Fully ripe/Overripe/Decayed,CMF-Net,ResNet152V2;MobileViT-CBAM;Swin-T;ConvNeXt-Tiny;EfficientNetV2-S,Lab双分支;CORAL;颜色辅助回归,accuracy; recall; F1（不采用未完整核对的数值）,已有Lab与序数监督联合的水果分类工作,完整网页维护；§2.5已取出版社正文片段；实现与独立外测待补,CORAL K-1二分类监督+阈值解码,L/ab解耦不等于已证明光照不变,提及其他水果数据；协议未完整核验,本轮未定位到可核验官方实现,Very high conceptual overlap,https://www.mdpi.com/2076-3417/16/14/7292,出版社索引§2.1–2.5; Crossref DOI/题名,部分正文/摘要；非全文精读,Published
P09,ATSS Deep Learning-Based Approach to Detect Apple Fruits,2021,Remote Sensing,10.3390/rs13010054,单类果实检测,巴西真实果园,Fuji Suprema,close-range RGB orchard patches,无成熟标签,ATSS,检测对照见正文,ATSS采样与果园检测评估,AP; corruption severity,Table8 brightness AP .947→.924（severity3）；fog .611；降幅依扰动不同,定位任务，不说明成熟误判；online 2020-12，2021卷期,Not applicable,已系统测试noise/blur/weather/digital多强度扰动,未核验,本轮未定位到可核验官方实现,High: corruption先例,https://www.mdpi.com/2072-4292/13/1/54?type=check_update&version=2,Tables7–8; Results,全文可访问；本轮抽取相关章节,Published
P10,Attention-Based Fine-Grained Lightweight Architecture for Fuji Apple Maturity Classification in an Open-World Orchard Environment,2023,Agriculture,10.3390/agriculture13020228,细粒度成熟分类,果园,Fuji,作者数据；公开可用性未核验,阶段标签定义待完整全文,AFGL-MC,未完整核验,残差/注意力轻量分类,不提取未核对指标,已有苹果果园轻量细粒度分类路线,仅出版社索引正文§4.2；不能拿它证明外部泛化,未核验,未核验,未核验,本轮未定位到可核验官方实现,High: 苹果分类closest work,https://www.mdpi.com/2077-0472/13/2/228,Publisher title/§4.2; Crossref元数据,部分正文/摘要；非全文精读,Published
P11,Apple ripeness identification from digital images using transformers,2024,Multimedia Tools and Applications,10.1007/s11042-023-15938-1,检测+成熟类别识别,室内/室外/超市混合,Apple;Pear,作者手机图像,ripe/overripe × apple/pear；生理测量未明确,YOLOv5;DETR;Swin,YOLO与Transformer路线比较,attention等,detection/classification指标不跨文排名,苹果成熟相关任务确已比较Transformer与YOLO,非纯果园设置；online2023/卷期2024需区分,未核验,未核验,未核验,本轮未定位到可核验官方实现,Medium: 模型族与任务边界,https://link.springer.com/article/10.1007/s11042-023-15938-1,Introduction; Methods; dataset描述,全文可访问；本轮抽取相关章节,Published
P12,A novel self-supervised method for in-field occluded apple ripeness determination,2025,Computers and Electronics in Agriculture,10.1016/j.compag.2025.110246,连续成熟评分+遮挡重建,in-field apples,Apple,少于1%标注，剩余无标注；明细未全文核验,0–1 score；生理真值未核验,reconstructor+feature extractor+predictor,15种自监督方法等（摘要）,自监督特征与重建,SSIM/PSNR; maturity score,已有苹果连续成熟评分；重建质量非成熟预测准确率,机构摘要可读，PDF403；标注、划分和输出校准需补全文,连续回归相关；不能称已核实CORAL,处理遮挡，不等于光照不变,未核验,本轮未定位到可核验官方实现,Very high: 苹果连续成熟先例,https://orca.cardiff.ac.uk/id/eprint/177046/,Author repository abstract; DOI verified,部分正文/摘要；非全文精读,Published
P13,Apple maturity quantification based on fine-grained coloration analysis using deep learning and computer vision,2025,Journal of Food Measurement and Characterization,10.1007/s11694-025-03652-5,分割+颜色成熟指数,复杂果园,Apple,数据声明指向Scifresh repo（需核版本）,HSV hue相对标准颜色构建MI；不自动等于生理量,FreqViT;LaMa,正文付费，未核全表,valid mask;过曝修复;着色指数,mIoU;precision;recall;F1,已有果园成熟着色量化与过曝修复,摘要可读；需核对色彩真值、修复伪色风险与数据实际标签,连续颜色指数，非序数学习,明确处理过曝；不是CPIP训练同义实现,未核验,仅数据仓库：https://github.com/Smart-Ag/Scifresh-apple-RGB-images-with-multi-class-label,Very high: CPIP与颜色代理,https://link.springer.com/article/10.1007/s11694-025-03652-5,Abstract; Data availability,部分正文/摘要；非全文精读,Published
P14,"Toward accurate prediction of apple firmness and brix across countries, seasons and cultivars with hyperspectral imaging",2026,Discover Food,10.1007/s44187-026-01072-y,生理质量连续回归,采后高光谱，非果园RGB检测,多品种Apple,5756 apples; 多国/季节/品种,配对firmness/Brix；与视觉分级分开,2D/3D CNN;hybrid;ViT,四模型族,跨条件建模/品种编码,RMSE;R²,证明生理质量需对应测量监督；不是RGB成熟标签替代,传感器与任务不兼容；不能直接移用性能结论,回归，不是阶段ordinal,光谱采集条件；不作RGB光照结论,多国家/季节分析；外推设置按原文,https://github.com/EIS-Ressearch-Lab/Apple_maturity_hyperspectral_imaging,Context: Ground-truth anchor,https://link.springer.com/article/10.1007/s44187-026-01072-y,Materials; Conclusions; Data availability,全文可访问；本轮抽取相关章节,Published
P15,Assessing deep learning model robustness for banana ripeness classification under varying illumination conditions,2025,Smart Agricultural Technology,10.1016/j.atech.2025.101333,4级成熟图像分类,外观分级；非苹果果园,Cavendish banana,3495 real images;161280 synthetic（作者仓库）,Green/Partially ripe/Ripe/Overripe,CNN/ViT等,含InceptionV3/ViT,LIME光照图+gamma增强; synthetic transfer,accuracy;precision;recall;F1;inference time,已有专门的水果成熟光照增强与受控评价,机构摘要及作者PDF索引片段；同增强族评价不能代替未见光照/跨园外测,未核验显式序数loss,直接光照鲁棒性先例；不是只有通用HSV,未核验,https://github.com/luischuquim/BananaRipeness (data; training未核验),Very high: CPIP prior art,https://e-archivo.uc3m.es/entities/publication/4af224c6-635f-4725-b782-ba5d0a66e11a,机构摘要; 作者PDF§2.3/Table1; GitHub README,部分正文/摘要；非全文精读,Published
