source_family,final_status,original_members,cross_split_pair_count,decision_evidence,remaining_uncertainty
111,Strongly Supported,train/111_brightness.jpg|val/111.jpg,1,64x64 luminance correlation=0.999042; identical region list=True,acquisition identity unverified; other family edges may be weaker
1180,Strongly Supported,train/1180_brightness.jpg|val/1180.jpg,1,64x64 luminance correlation=0.996412; identical region list=True,acquisition identity unverified; other family edges may be weaker
1290,Strongly Supported,test/1290.jpg|train/1290_brightness.jpg|val/1290_noise.jpg,3,64x64 luminance correlation=0.999001; identical region list=True,acquisition identity unverified; other family edges may be weaker
1310,Strongly Supported,train/1310.jpg|train/1310_brightness.jpg|val/1310_noise.jpg,2,64x64 luminance correlation=0.999550; identical region list=True,acquisition identity unverified; other family edges may be weaker
1360,Strongly Supported,train/1360.jpg|train/1360_noise.jpg|val/1360_brightness.jpg,2,64x64 luminance correlation=0.996841; identical region list=True,acquisition identity unverified; other family edges may be weaker
138,Strongly Supported,test/138.jpg|train/138_brightness.jpg|train/138_noise.jpg,2,64x64 luminance correlation=0.996657; identical region list=True,acquisition identity unverified; other family edges may be weaker
1400,Strongly Supported,test/1400.jpg|train/1400_brightness.jpg|val/1400_noise.jpg,3,64x64 luminance correlation=0.998023; identical region list=True,acquisition identity unverified; other family edges may be weaker
1450,Strongly Supported,train/1450.jpg|train/1450_noise.jpg|val/1450_brightness.jpg,2,64x64 luminance correlation=0.999135; identical region list=True,acquisition identity unverified; other family edges may be weaker
1460,Strongly Supported,train/1460.jpg|train/1460_brightness.jpg|val/1460_noise.jpg,2,64x64 luminance correlation=0.999566; identical region list=True,acquisition identity unverified; other family edges may be weaker
150,Strongly Supported,test/150.jpg|train/150_brightness.jpg|train/150_noise.jpg,2,64x64 luminance correlation=0.996950; identical region list=True,acquisition identity unverified; other family edges may be weaker
1520,Strongly Supported,test/1520.jpg|train/1520_brightness.jpg|train/1520_noise.jpg,2,64x64 luminance correlation=0.998710; identical region list=True,acquisition identity unverified; other family edges may be weaker
1550,Strongly Supported,train/1550.jpg|train/1550_brightness.jpg|val/1550_noise.jpg,2,64x64 luminance correlation=0.999569; identical region list=True,acquisition identity unverified; other family edges may be weaker
1560,Strongly Supported,train/1560.jpg|val/1560_brightness.jpg|val/1560_noise.jpg,2,64x64 luminance correlation=0.999374; identical region list=True,acquisition identity unverified; other family edges may be weaker
172,Strongly Supported,test/172.jpg|train/172_brightness.jpg|val/172_noise.jpg,3,64x64 luminance correlation=0.999184; identical region list=True,acquisition identity unverified; other family edges may be weaker
1770,Strongly Supported,train/1770.jpg|train/1770_brightness.jpg|val/1770_noise.jpg,2,64x64 luminance correlation=0.999322; identical region list=True,acquisition identity unverified; other family edges may be weaker
192,Strongly Supported,train/192.jpg|train/192_noise.jpg|val/192_brightness.jpg,2,64x64 luminance correlation=0.998308; identical region list=True,acquisition identity unverified; other family edges may be weaker
194,Strongly Supported,train/194.jpg|train/194_brightness.jpg|val/194_noise.jpg,2,64x64 luminance correlation=0.999435; identical region list=True,acquisition identity unverified; other family edges may be weaker
2040,Strongly Supported,test/2040.jpg|train/2040_noise.jpg|val/2040_brightness.jpg,3,64x64 luminance correlation=0.999466; identical region list=True,acquisition identity unverified; other family edges may be weaker
207,Strongly Supported,train/207.jpg|train/207_brightness.jpg|val/207_noise.jpg,2,64x64 luminance correlation=0.999406; identical region list=True,acquisition identity unverified; other family edges may be weaker
2150,Strongly Supported,test/2150.jpg|val/2150_brightness.jpg|val/2150_noise.jpg,2,64x64 luminance correlation=0.998266; identical region list=True,acquisition identity unverified; other family edges may be weaker
2200,Strongly Supported,train/2200.jpg|train/2200_noise.jpg|val/2200_brightness.jpg,2,64x64 luminance correlation=0.998967; identical region list=True,acquisition identity unverified; other family edges may be weaker
2210,Strongly Supported,test/2210.jpg|train/2210_noise.jpg|val/2210_brightness.jpg,3,64x64 luminance correlation=0.999565; identical region list=True,acquisition identity unverified; other family edges may be weaker
223,Strongly Supported,train/223.jpg|train/223_brightness.jpg|val/223_noise.jpg,2,64x64 luminance correlation=0.999561; identical region list=True,acquisition identity unverified; other family edges may be weaker
227,Strongly Supported,test/227.jpg|train/227_noise.jpg|val/227_brightness.jpg,3,64x64 luminance correlation=0.999509; identical region list=True,acquisition identity unverified; other family edges may be weaker
2340,Strongly Supported,train/2340.jpg|train/2340_brightness.jpg|val/2340_noise.jpg,2,64x64 luminance correlation=0.999515; identical region list=True,acquisition identity unverified; other family edges may be weaker
2360,Strongly Supported,test/2360.jpg|train/2360_brightness.jpg|train/2360_noise.jpg,2,64x64 luminance correlation=0.998956; identical region list=True,acquisition identity unverified; other family edges may be weaker
2400,Strongly Supported,train/2400_brightness.jpg|val/2400_noise.jpg,1,64x64 luminance correlation=0.998224; identical region list=True,acquisition identity unverified; other family edges may be weaker
2410,Strongly Supported,test/2410.jpg|train/2410_brightness.jpg|train/2410_noise.jpg,2,64x64 luminance correlation=0.999592; identical region list=True,acquisition identity unverified; other family edges may be weaker
251,Strongly Supported,train/251.jpg|train/251_noise.jpg|val/251_brightness.jpg,2,64x64 luminance correlation=0.996657; identical region list=True,acquisition identity unverified; other family edges may be weaker
2520,Strongly Supported,train/2520.jpg|train/2520_noise.jpg|val/2520_brightness.jpg,2,64x64 luminance correlation=0.997637; identical region list=True,acquisition identity unverified; other family edges may be weaker
256,Strongly Supported,train/256.jpg|train/256_brightness.jpg|val/256_noise.jpg,2,64x64 luminance correlation=0.999594; identical region list=True,acquisition identity unverified; other family edges may be weaker
257,Strongly Supported,test/257.jpg|train/257_brightness.jpg|train/257_noise.jpg,2,64x64 luminance correlation=0.996486; identical region list=True,acquisition identity unverified; other family edges may be weaker
2590,Strongly Supported,train/2590.jpg|train/2590_noise.jpg|val/2590_brightness.jpg,2,64x64 luminance correlation=0.999415; identical region list=True,acquisition identity unverified; other family edges may be weaker
2640,Strongly Supported,test/2640.jpg|val/2640_brightness.jpg|val/2640_noise.jpg,2,64x64 luminance correlation=0.999376; identical region list=True,acquisition identity unverified; other family edges may be weaker
266,Strongly Supported,train/266.jpg|train/266_brightness.jpg|val/266_noise.jpg,2,64x64 luminance correlation=0.999401; identical region list=True,acquisition identity unverified; other family edges may be weaker
267,Strongly Supported,test/267.jpg|train/267_brightness.jpg|val/267_noise.jpg,3,64x64 luminance correlation=0.998263; identical region list=True,acquisition identity unverified; other family edges may be weaker
2710,Strongly Supported,train/2710.jpg|train/2710_noise.jpg|val/2710_brightness.jpg,2,64x64 luminance correlation=0.998719; identical region list=True,acquisition identity unverified; other family edges may be weaker
2720,Strongly Supported,test/2720.jpg|train/2720_brightness.jpg|train/2720_noise.jpg,2,64x64 luminance correlation=0.997585; identical region list=True,acquisition identity unverified; other family edges may be weaker
288,Strongly Supported,train/288.jpg|train/288_brightness.jpg|val/288_noise.jpg,2,64x64 luminance correlation=0.999484; identical region list=True,acquisition identity unverified; other family edges may be weaker
2910,Strongly Supported,train/2910.jpg|train/2910_noise.jpg|val/2910_brightness.jpg,2,64x64 luminance correlation=0.998472; identical region list=True,acquisition identity unverified; other family edges may be weaker
2950,Strongly Supported,train/2950.jpg|val/2950_brightness.jpg|val/2950_noise.jpg,2,64x64 luminance correlation=0.998643; identical region list=True,acquisition identity unverified; other family edges may be weaker
2960,Strongly Supported,test/2960.jpg|train/2960_brightness.jpg|train/2960_noise.jpg,2,64x64 luminance correlation=0.997949; identical region list=True,acquisition identity unverified; other family edges may be weaker
2970,Strongly Supported,train/2970.jpg|train/2970_brightness.jpg|val/2970_noise.jpg,2,64x64 luminance correlation=0.999395; identical region list=True,acquisition identity unverified; other family edges may be weaker
302,Strongly Supported,test/302.jpg|train/302_brightness.jpg|train/302_noise.jpg,2,64x64 luminance correlation=0.999542; identical region list=True,acquisition identity unverified; other family edges may be weaker
3110,Strongly Supported,test/3110.jpg|train/3110_noise.jpg|val/3110_brightness.jpg,3,64x64 luminance correlation=0.999444; identical region list=True,acquisition identity unverified; other family edges may be weaker
img_12400,Strongly Supported,train/IMG_12400_brightness.jpg|val/IMG_12400.jpg,1,64x64 luminance correlation=0.996802; identical region list=True,acquisition identity unverified; other family edges may be weaker
img_12460,Strongly Supported,train/IMG_12460_brightness.jpg|val/IMG_12460.jpg,1,64x64 luminance correlation=0.998318; identical region list=True,acquisition identity unverified; other family edges may be weaker
img_12810,Strongly Supported,train/IMG_12810_brightness.jpg|val/IMG_12810.jpg,1,64x64 luminance correlation=0.997151; identical region list=True,acquisition identity unverified; other family edges may be weaker
img_1304,Strongly Supported,test/IMG_1304.jpg|train/IMG_1304_brightness.jpg|train/IMG_1304_noise.jpg,2,64x64 luminance correlation=0.997877; identical region list=True,acquisition identity unverified; other family edges may be weaker
img_13650,Strongly Supported,test/IMG_13650.jpg|train/IMG_13650_brightness.jpg|val/IMG_13650_noise.jpg,3,64x64 luminance correlation=0.996408; identical region list=True,acquisition identity unverified; other family edges may be weaker
img_13700,Strongly Supported,train/IMG_13700_brightness.jpg|val/IMG_13700.jpg,1,64x64 luminance correlation=0.995642; identical region list=True,acquisition identity unverified; other family edges may be weaker
img_1381,Strongly Supported,train/IMG_1381_brightness.jpg|val/IMG_1381.jpg,1,64x64 luminance correlation=0.996648; identical region list=True,acquisition identity unverified; other family edges may be weaker
img_1387,Strongly Supported,test/IMG_1387.jpg|train/IMG_1387_brightness.jpg|val/IMG_1387_noise.jpg,3,64x64 luminance correlation=0.997606; identical region list=True,acquisition identity unverified; other family edges may be weaker
img_1389,Strongly Supported,test/IMG_1389.jpg|train/IMG_1389_brightness.jpg|train/IMG_1389_noise.jpg,2,64x64 luminance correlation=0.996890; identical region list=True,acquisition identity unverified; other family edges may be weaker
img_1390,Strongly Supported,test/IMG_1390.jpg|train/IMG_1390_noise.jpg|val/IMG_1390_brightness.jpg,3,64x64 luminance correlation=0.999694; identical region list=True,acquisition identity unverified; other family edges may be weaker
img_13930,Strongly Supported,train/IMG_13930_brightness.jpg|val/IMG_13930.jpg,1,64x64 luminance correlation=0.997448; identical region list=True,acquisition identity unverified; other family edges may be weaker
img_13960,Strongly Supported,train/IMG_13960_brightness.jpg|val/IMG_13960.jpg,1,64x64 luminance correlation=0.994468; identical region list=True; Stage 2B-4H C01 human accepted same-source relation; physical acquisition ID unverified,acquisition identity unverified; other family edges may be weaker
img_14040,Strongly Supported,train/IMG_14040_brightness.jpg|val/IMG_14040.jpg,1,64x64 luminance correlation=0.990993; identical region list=True; Stage 2B-4H C02 human accepted same-source relation; physical acquisition ID unverified,acquisition identity unverified; other family edges may be weaker
img_1406,Strongly Supported,train/IMG_1406.jpg|train/IMG_1406_noise.jpg|val/IMG_1406_brightness.jpg,2,64x64 luminance correlation=0.996001; identical region list=True,acquisition identity unverified; other family edges may be weaker
img_1419,Strongly Supported,test/IMG_1419.jpg|train/IMG_1419_brightness.jpg|val/IMG_1419_noise.jpg,3,64x64 luminance correlation=0.997893; identical region list=True,acquisition identity unverified; other family edges may be weaker
img_14420,Strongly Supported,test/IMG_14420.jpg|train/IMG_14420_brightness.jpg|train/IMG_14420_noise.jpg,2,64x64 luminance correlation=0.998932; identical region list=True,acquisition identity unverified; other family edges may be weaker
img_1469,Strongly Supported,test/IMG_1469.jpg|train/IMG_1469_brightness.jpg|train/IMG_1469_noise.jpg,2,64x64 luminance correlation=0.996951; identical region list=True,acquisition identity unverified; other family edges may be weaker
img_54160,Strongly Supported,test/IMG_54160.jpg|train/IMG_54160_noise.jpg,1,64x64 luminance correlation=0.999723; identical region list=True,acquisition identity unverified; other family edges may be weaker
img_54190,Strongly Supported,test/IMG_54190.jpg|train/IMG_54190_noise.jpg,1,64x64 luminance correlation=0.999557; identical region list=True,acquisition identity unverified; other family edges may be weaker
img_54370,Strongly Supported,test/IMG_54370.jpg|train/IMG_54370_brightness.jpg|train/IMG_54370_noise.jpg,2,64x64 luminance correlation=0.997365; identical region list=True,acquisition identity unverified; other family edges may be weaker
img_54450,Strongly Supported,test/IMG_54450.jpg|train/IMG_54450_brightness.jpg|train/IMG_54450_noise.jpg,2,64x64 luminance correlation=0.998055; identical region list=True,acquisition identity unverified; other family edges may be weaker
img_55910,Strongly Supported,test/IMG_55910.jpg|train/IMG_55910_brightness.jpg|train/IMG_55910_noise.jpg,2,64x64 luminance correlation=0.997680; identical region list=True,acquisition identity unverified; other family edges may be weaker
