file_a,file_b,dhash_distance,corr64,full_corr,ssim_8x8_blocks,histogram_affinity,edge_corr64,same_region_list,same_geometry,current_same_group,evidence_category,remaining_question
test/1270.jpg,train/2340_brightness.jpg,8,0.994344,0.987681,0.949246,0.958344,0.951279,False,False,True,orchard scene similarity or same source; insufficient evidence,no capture/fruit/tree/session ID; visual resemblance cannot establish source identity
test/1290.jpg,train/2360_brightness.jpg,9,0.977902,0.953906,0.920082,0.960166,0.905847,False,False,False,insufficient evidence,no capture/fruit/tree/session ID; visual resemblance cannot establish source identity
test/1400.jpg,train/246.jpg,4,0.973521,0.958716,0.977153,0.989279,0.952186,False,False,False,similar appearance or scene; insufficient evidence,no capture/fruit/tree/session ID; visual resemblance cannot establish source identity
test/1600.jpg,train/2760.jpg,11,0.955014,0.903741,0.931587,0.997772,0.895061,False,False,False,similar appearance or scene; insufficient evidence,no capture/fruit/tree/session ID; visual resemblance cannot establish source identity
test/2360.jpg,train/1290_brightness.jpg,8,0.977151,0.953158,0.921688,0.960305,0.904118,False,False,False,insufficient evidence,no capture/fruit/tree/session ID; visual resemblance cannot establish source identity
test/2410.jpg,train/1320.jpg,4,0.988444,0.97768,0.964714,0.998701,0.926487,False,False,False,similar appearance or scene; insufficient evidence,no capture/fruit/tree/session ID; visual resemblance cannot establish source identity
test/2410.jpg,train/1320_brightness.jpg,8,0.98798,0.976785,0.947488,0.952829,0.926302,False,False,False,insufficient evidence,no capture/fruit/tree/session ID; visual resemblance cannot establish source identity
test/2410.jpg,train/1320_noise.jpg,10,0.987818,0.958217,0.961683,0.989944,0.918841,False,False,False,similar appearance or scene; insufficient evidence,no capture/fruit/tree/session ID; visual resemblance cannot establish source identity
test/250.jpg,train/1390.jpg,7,0.992268,0.981109,0.967454,0.9898,0.9684,False,False,False,orchard scene similarity or same source; insufficient evidence,no capture/fruit/tree/session ID; visual resemblance cannot establish source identity
test/250.jpg,train/1390_brightness.jpg,6,0.991099,0.978785,0.952288,0.956833,0.964297,False,False,False,orchard scene similarity or same source; insufficient evidence,no capture/fruit/tree/session ID; visual resemblance cannot establish source identity
test/250.jpg,train/1390_noise.jpg,10,0.991595,0.960409,0.965115,0.985959,0.963365,False,False,False,orchard scene similarity or same source; insufficient evidence,no capture/fruit/tree/session ID; visual resemblance cannot establish source identity
test/257.jpg,val/1360_brightness.jpg,10,0.993738,0.983588,0.97247,0.96931,0.981911,False,False,True,orchard scene similarity or same source; insufficient evidence,no capture/fruit/tree/session ID; visual resemblance cannot establish source identity
test/2800.jpg,train/151.jpg,10,0.97811,0.960901,0.960239,0.993847,0.923318,False,False,False,similar appearance or scene; insufficient evidence,no capture/fruit/tree/session ID; visual resemblance cannot establish source identity
test/2800.jpg,train/151_brightness.jpg,11,0.976088,0.957969,0.938804,0.957159,0.92215,False,False,False,insufficient evidence,no capture/fruit/tree/session ID; visual resemblance cannot establish source identity
test/2890.jpg,train/2370.jpg,1,0.980842,0.970833,0.97782,0.998205,0.954013,False,False,False,orchard scene similarity or same source; insufficient evidence,no capture/fruit/tree/session ID; visual resemblance cannot establish source identity
test/2890.jpg,train/2370_brightness.jpg,5,0.981644,0.970883,0.961424,0.937698,0.952272,False,False,False,orchard scene similarity or same source; insufficient evidence,no capture/fruit/tree/session ID; visual resemblance cannot establish source identity
test/2890.jpg,train/2370_noise.jpg,11,0.980462,0.952615,0.975468,0.986641,0.949127,False,False,False,similar appearance or scene; insufficient evidence,no capture/fruit/tree/session ID; visual resemblance cannot establish source identity
test/3030.jpg,train/162.jpg,11,0.966852,0.951465,0.922109,0.990408,0.928702,False,False,False,similar appearance or scene; insufficient evidence,no capture/fruit/tree/session ID; visual resemblance cannot establish source identity
test/IMG_14120.jpg,train/IMG_14130.jpg,8,0.982534,0.908523,0.959426,0.965311,0.9619,False,False,False,orchard scene similarity or same source; insufficient evidence,no capture/fruit/tree/session ID; visual resemblance cannot establish source identity
train/2360_noise.jpg,val/1290_noise.jpg,11,0.97689,0.920772,0.932244,0.986709,0.90045,False,False,False,similar appearance or scene; insufficient evidence,no capture/fruit/tree/session ID; visual resemblance cannot establish source identity
train/246.jpg,val/1400_noise.jpg,9,0.973173,0.943537,0.974966,0.986858,0.948394,False,False,False,similar appearance or scene; insufficient evidence,no capture/fruit/tree/session ID; visual resemblance cannot establish source identity
train/257_noise.jpg,val/1360_brightness.jpg,10,0.994195,0.97628,0.97023,0.958388,0.979363,False,False,True,orchard scene similarity or same source; insufficient evidence,no capture/fruit/tree/session ID; visual resemblance cannot establish source identity
train/2630.jpg,val/1460_noise.jpg,11,0.992064,0.966519,0.955252,0.985574,0.935388,False,False,False,similar appearance or scene; insufficient evidence,no capture/fruit/tree/session ID; visual resemblance cannot establish source identity
train/2650.jpg,val/1450_brightness.jpg,9,0.988865,0.975757,0.933275,0.957222,0.930643,False,False,False,insufficient evidence,no capture/fruit/tree/session ID; visual resemblance cannot establish source identity
train/2650_brightness.jpg,val/1450_brightness.jpg,8,0.98952,0.976701,0.953015,0.997719,0.933555,False,False,False,similar appearance or scene; insufficient evidence,no capture/fruit/tree/session ID; visual resemblance cannot establish source identity
train/2650_noise.jpg,val/1450_brightness.jpg,10,0.988595,0.959672,0.931329,0.958062,0.92595,False,False,False,insufficient evidence,no capture/fruit/tree/session ID; visual resemblance cannot establish source identity
