family_id,members,official_splits,filenames,image_dimensions,class_labels,annotation_similarity,pixel_similarity,dhash,suffix_relation,final_confidence,reason
111,train/111_brightness.jpg|val/111.jpg,train|val,111_brightness.jpg|111.jpg,train/111_brightness.jpg=369x277|val/111.jpg=369x277,mature apple,identical region lists 1/1; identical geometry 1/1,64x64 Pearson min=0.999042; max=0.999042,256-bit distance min=2; max=2,brightness,Strongly Supported,best cross-split pair has 64x64 correlation >=0.995 and identical region list; acquisition identity unverified
1180,train/1180_brightness.jpg|val/1180.jpg,train|val,1180_brightness.jpg|1180.jpg,train/1180_brightness.jpg=369x277|val/1180.jpg=369x277,mature apple,identical region lists 1/1; identical geometry 1/1,64x64 Pearson min=0.996412; max=0.996412,256-bit distance min=10; max=10,brightness,Strongly Supported,best cross-split pair has 64x64 correlation >=0.995 and identical region list; acquisition identity unverified
1290,test/1290.jpg|train/1290_brightness.jpg|val/1290_noise.jpg,test|train|val,1290.jpg|1290_brightness.jpg|1290_noise.jpg,test/1290.jpg=369x277|train/1290_brightness.jpg=369x277|val/1290_noise.jpg=369x277,semi-mature apple,identical region lists 3/3; identical geometry 3/3,64x64 Pearson min=0.998487; max=0.999297,256-bit distance min=2; max=7,brightness|noise,Strongly Supported,best cross-split pair has 64x64 correlation >=0.995 and identical region list; acquisition identity unverified
1310,train/1310.jpg|train/1310_brightness.jpg|val/1310_noise.jpg,train|val,1310.jpg|1310_brightness.jpg|1310_noise.jpg,train/1310.jpg=369x277|train/1310_brightness.jpg=369x277|val/1310_noise.jpg=369x277,semi-mature apple,identical region lists 2/2; identical geometry 2/2,64x64 Pearson min=0.998194; max=0.999550,256-bit distance min=9; max=14,brightness|noise,Strongly Supported,best cross-split pair has 64x64 correlation >=0.995 and identical region list; acquisition identity unverified
1360,train/1360.jpg|train/1360_noise.jpg|val/1360_brightness.jpg,train|val,1360.jpg|1360_noise.jpg|1360_brightness.jpg,train/1360.jpg=369x277|train/1360_noise.jpg=369x277|val/1360_brightness.jpg=369x277,semi-mature apple,identical region lists 2/2; identical geometry 2/2,64x64 Pearson min=0.996841; max=0.997211,256-bit distance min=3; max=10,brightness|noise,Strongly Supported,best cross-split pair has 64x64 correlation >=0.995 and identical region list; acquisition identity unverified
138,test/138.jpg|train/138_brightness.jpg|train/138_noise.jpg,test|train,138.jpg|138_brightness.jpg|138_noise.jpg,test/138.jpg=369x277|train/138_brightness.jpg=369x277|train/138_noise.jpg=369x277,semi-mature apple,identical region lists 2/2; identical geometry 2/2,64x64 Pearson min=0.996657; max=0.999535,256-bit distance min=5; max=11,brightness|noise,Strongly Supported,best cross-split pair has 64x64 correlation >=0.995 and identical region list; acquisition identity unverified
1400,test/1400.jpg|train/1400_brightness.jpg|val/1400_noise.jpg,test|train|val,1400.jpg|1400_brightness.jpg|1400_noise.jpg,test/1400.jpg=369x277|train/1400_brightness.jpg=369x277|val/1400_noise.jpg=369x277,semi-mature apple,identical region lists 3/3; identical geometry 3/3,64x64 Pearson min=0.997852; max=0.999415,256-bit distance min=3; max=8,brightness|noise,Strongly Supported,best cross-split pair has 64x64 correlation >=0.995 and identical region list; acquisition identity unverified
1450,train/1450.jpg|train/1450_noise.jpg|val/1450_brightness.jpg,train|val,1450.jpg|1450_noise.jpg|1450_brightness.jpg,train/1450.jpg=369x277|train/1450_noise.jpg=369x277|val/1450_brightness.jpg=369x277,semi-mature apple,identical region lists 2/2; identical geometry 2/2,64x64 Pearson min=0.998807; max=0.999135,256-bit distance min=2; max=4,brightness|noise,Strongly Supported,best cross-split pair has 64x64 correlation >=0.995 and identical region list; acquisition identity unverified
1460,train/1460.jpg|train/1460_brightness.jpg|val/1460_noise.jpg,train|val,1460.jpg|1460_brightness.jpg|1460_noise.jpg,train/1460.jpg=369x277|train/1460_brightness.jpg=369x277|val/1460_noise.jpg=369x277,semi-mature apple,identical region lists 2/2; identical geometry 2/2,64x64 Pearson min=0.997880; max=0.999566,256-bit distance min=2; max=4,brightness|noise,Strongly Supported,best cross-split pair has 64x64 correlation >=0.995 and identical region list; acquisition identity unverified
150,test/150.jpg|train/150_brightness.jpg|train/150_noise.jpg,test|train,150.jpg|150_brightness.jpg|150_noise.jpg,test/150.jpg=369x277|train/150_brightness.jpg=369x277|train/150_noise.jpg=369x277,semi-mature apple,identical region lists 2/2; identical geometry 2/2,64x64 Pearson min=0.996950; max=0.999439,256-bit distance min=2; max=3,brightness|noise,Strongly Supported,best cross-split pair has 64x64 correlation >=0.995 and identical region list; acquisition identity unverified
1520,test/1520.jpg|train/1520_brightness.jpg|train/1520_noise.jpg,test|train,1520.jpg|1520_brightness.jpg|1520_noise.jpg,test/1520.jpg=369x277|train/1520_brightness.jpg=369x277|train/1520_noise.jpg=369x277,semi-mature apple,identical region lists 2/2; identical geometry 2/2,64x64 Pearson min=0.998710; max=0.999497,256-bit distance min=1; max=3,brightness|noise,Strongly Supported,best cross-split pair has 64x64 correlation >=0.995 and identical region list; acquisition identity unverified
1550,train/1550.jpg|train/1550_brightness.jpg|val/1550_noise.jpg,train|val,1550.jpg|1550_brightness.jpg|1550_noise.jpg,train/1550.jpg=369x277|train/1550_brightness.jpg=369x277|val/1550_noise.jpg=369x277,semi-mature apple,identical region lists 2/2; identical geometry 2/2,64x64 Pearson min=0.996601; max=0.999569,256-bit distance min=5; max=11,brightness|noise,Strongly Supported,best cross-split pair has 64x64 correlation >=0.995 and identical region list; acquisition identity unverified
1560,train/1560.jpg|val/1560_brightness.jpg|val/1560_noise.jpg,train|val,1560.jpg|1560_brightness.jpg|1560_noise.jpg,train/1560.jpg=369x277|val/1560_brightness.jpg=369x277|val/1560_noise.jpg=369x277,semi-mature apple,identical region lists 2/2; identical geometry 2/2,64x64 Pearson min=0.999374; max=0.999517,256-bit distance min=2; max=10,brightness|noise,Strongly Supported,best cross-split pair has 64x64 correlation >=0.995 and identical region list; acquisition identity unverified
172,test/172.jpg|train/172_brightness.jpg|val/172_noise.jpg,test|train|val,172.jpg|172_brightness.jpg|172_noise.jpg,test/172.jpg=277x369|train/172_brightness.jpg=277x326|val/172_noise.jpg=277x326,semi-mature apple,identical region lists 1/3; identical geometry 1/3,64x64 Pearson min=0.842810; max=0.999184,256-bit distance min=14; max=102,brightness|noise,Strongly Supported,best cross-split pair has 64x64 correlation >=0.995 and identical region list; acquisition identity unverified
1770,train/1770.jpg|train/1770_brightness.jpg|val/1770_noise.jpg,train|val,1770.jpg|1770_brightness.jpg|1770_noise.jpg,train/1770.jpg=277x369|train/1770_brightness.jpg=277x369|val/1770_noise.jpg=277x369,semi-mature apple,identical region lists 2/2; identical geometry 2/2,64x64 Pearson min=0.995345; max=0.999322,256-bit distance min=5; max=6,brightness|noise,Strongly Supported,best cross-split pair has 64x64 correlation >=0.995 and identical region list; acquisition identity unverified
192,train/192.jpg|train/192_noise.jpg|val/192_brightness.jpg,train|val,192.jpg|192_noise.jpg|192_brightness.jpg,train/192.jpg=369x277|train/192_noise.jpg=369x277|val/192_brightness.jpg=369x277,semi-mature apple,identical region lists 2/2; identical geometry 2/2,64x64 Pearson min=0.998297; max=0.998308,256-bit distance min=2; max=10,brightness|noise,Strongly Supported,best cross-split pair has 64x64 correlation >=0.995 and identical region list; acquisition identity unverified
194,train/194.jpg|train/194_brightness.jpg|val/194_noise.jpg,train|val,194.jpg|194_brightness.jpg|194_noise.jpg,train/194.jpg=369x277|train/194_brightness.jpg=369x277|val/194_noise.jpg=369x277,semi-mature apple,identical region lists 2/2; identical geometry 2/2,64x64 Pearson min=0.995840; max=0.999435,256-bit distance min=10; max=10,brightness|noise,Strongly Supported,best cross-split pair has 64x64 correlation >=0.995 and identical region list; acquisition identity unverified
2040,test/2040.jpg|train/2040_noise.jpg|val/2040_brightness.jpg,test|train|val,2040.jpg|2040_noise.jpg|2040_brightness.jpg,test/2040.jpg=369x277|train/2040_noise.jpg=369x277|val/2040_brightness.jpg=369x277,semi-mature apple,identical region lists 3/3; identical geometry 3/3,64x64 Pearson min=0.995814; max=0.999466,256-bit distance min=6; max=10,brightness|noise,Strongly Supported,best cross-split pair has 64x64 correlation >=0.995 and identical region list; acquisition identity unverified
207,train/207.jpg|train/207_brightness.jpg|val/207_noise.jpg,train|val,207.jpg|207_brightness.jpg|207_noise.jpg,train/207.jpg=369x277|train/207_brightness.jpg=369x277|val/207_noise.jpg=369x277,semi-mature apple,identical region lists 2/2; identical geometry 2/2,64x64 Pearson min=0.998940; max=0.999406,256-bit distance min=7; max=8,brightness|noise,Strongly Supported,best cross-split pair has 64x64 correlation >=0.995 and identical region list; acquisition identity unverified
2150,test/2150.jpg|val/2150_brightness.jpg|val/2150_noise.jpg,test|val,2150.jpg|2150_brightness.jpg|2150_noise.jpg,test/2150.jpg=369x277|val/2150_brightness.jpg=369x277|val/2150_noise.jpg=369x277,semi-mature apple,identical region lists 2/2; identical geometry 2/2,64x64 Pearson min=0.998266; max=0.999412,256-bit distance min=3; max=9,brightness|noise,Strongly Supported,best cross-split pair has 64x64 correlation >=0.995 and identical region list; acquisition identity unverified
2200,train/2200.jpg|train/2200_noise.jpg|val/2200_brightness.jpg,train|val,2200.jpg|2200_noise.jpg|2200_brightness.jpg,train/2200.jpg=369x277|train/2200_noise.jpg=369x277|val/2200_brightness.jpg=369x277,semi-mature apple,identical region lists 2/2; identical geometry 2/2,64x64 Pearson min=0.998494; max=0.998967,256-bit distance min=5; max=10,brightness|noise,Strongly Supported,best cross-split pair has 64x64 correlation >=0.995 and identical region list; acquisition identity unverified
2210,test/2210.jpg|train/2210_noise.jpg|val/2210_brightness.jpg,test|train|val,2210.jpg|2210_noise.jpg|2210_brightness.jpg,test/2210.jpg=369x277|train/2210_noise.jpg=369x277|val/2210_brightness.jpg=369x277,semi-mature apple,identical region lists 3/3; identical geometry 3/3,64x64 Pearson min=0.998905; max=0.999565,256-bit distance min=1; max=9,brightness|noise,Strongly Supported,best cross-split pair has 64x64 correlation >=0.995 and identical region list; acquisition identity unverified
223,train/223.jpg|train/223_brightness.jpg|val/223_noise.jpg,train|val,223.jpg|223_brightness.jpg|223_noise.jpg,train/223.jpg=369x277|train/223_brightness.jpg=369x277|val/223_noise.jpg=369x277,semi-mature apple,identical region lists 2/2; identical geometry 2/2,64x64 Pearson min=0.996808; max=0.999561,256-bit distance min=2; max=3,brightness|noise,Strongly Supported,best cross-split pair has 64x64 correlation >=0.995 and identical region list; acquisition identity unverified
227,test/227.jpg|train/227_noise.jpg|val/227_brightness.jpg,test|train|val,227.jpg|227_noise.jpg|227_brightness.jpg,test/227.jpg=369x277|train/227_noise.jpg=369x277|val/227_brightness.jpg=369x277,semi-mature apple,identical region lists 3/3; identical geometry 3/3,64x64 Pearson min=0.998302; max=0.999509,256-bit distance min=1; max=7,brightness|noise,Strongly Supported,best cross-split pair has 64x64 correlation >=0.995 and identical region list; acquisition identity unverified
2340,train/2340.jpg|train/2340_brightness.jpg|val/2340_noise.jpg,train|val,2340.jpg|2340_brightness.jpg|2340_noise.jpg,train/2340.jpg=369x277|train/2340_brightness.jpg=369x277|val/2340_noise.jpg=369x277,semi-mature apple,identical region lists 2/2; identical geometry 2/2,64x64 Pearson min=0.998849; max=0.999515,256-bit distance min=7; max=8,brightness|noise,Strongly Supported,best cross-split pair has 64x64 correlation >=0.995 and identical region list; acquisition identity unverified
2360,test/2360.jpg|train/2360_brightness.jpg|train/2360_noise.jpg,test|train,2360.jpg|2360_brightness.jpg|2360_noise.jpg,test/2360.jpg=369x277|train/2360_brightness.jpg=369x277|train/2360_noise.jpg=369x277,semi-mature apple,identical region lists 2/2; identical geometry 2/2,64x64 Pearson min=0.998956; max=0.999320,256-bit distance min=1; max=8,brightness|noise,Strongly Supported,best cross-split pair has 64x64 correlation >=0.995 and identical region list; acquisition identity unverified
2400,train/2400_brightness.jpg|val/2400_noise.jpg,train|val,2400_brightness.jpg|2400_noise.jpg,train/2400_brightness.jpg=369x277|val/2400_noise.jpg=369x277,semi-mature apple,identical region lists 1/1; identical geometry 1/1,64x64 Pearson min=0.998224; max=0.998224,256-bit distance min=8; max=8,brightness|noise,Strongly Supported,best cross-split pair has 64x64 correlation >=0.995 and identical region list; acquisition identity unverified
2410,test/2410.jpg|train/2410_brightness.jpg|train/2410_noise.jpg,test|train,2410.jpg|2410_brightness.jpg|2410_noise.jpg,test/2410.jpg=369x277|train/2410_brightness.jpg=369x277|train/2410_noise.jpg=369x277,semi-mature apple,identical region lists 2/2; identical geometry 2/2,64x64 Pearson min=0.999529; max=0.999592,256-bit distance min=4; max=7,brightness|noise,Strongly Supported,best cross-split pair has 64x64 correlation >=0.995 and identical region list; acquisition identity unverified
251,train/251.jpg|train/251_noise.jpg|val/251_brightness.jpg,train|val,251.jpg|251_noise.jpg|251_brightness.jpg,train/251.jpg=369x277|train/251_noise.jpg=369x277|val/251_brightness.jpg=369x277,semi-mature apple,identical region lists 2/2; identical geometry 2/2,64x64 Pearson min=0.996657; max=0.996948,256-bit distance min=3; max=5,brightness|noise,Strongly Supported,best cross-split pair has 64x64 correlation >=0.995 and identical region list; acquisition identity unverified
2520,train/2520.jpg|train/2520_noise.jpg|val/2520_brightness.jpg,train|val,2520.jpg|2520_noise.jpg|2520_brightness.jpg,train/2520.jpg=369x277|train/2520_noise.jpg=369x277|val/2520_brightness.jpg=369x277,semi-mature apple,identical region lists 2/2; identical geometry 2/2,64x64 Pearson min=0.997325; max=0.997637,256-bit distance min=1; max=6,brightness|noise,Strongly Supported,best cross-split pair has 64x64 correlation >=0.995 and identical region list; acquisition identity unverified
256,train/256.jpg|train/256_brightness.jpg|val/256_noise.jpg,train|val,256.jpg|256_brightness.jpg|256_noise.jpg,train/256.jpg=369x277|train/256_brightness.jpg=369x277|val/256_noise.jpg=369x277,semi-mature apple,identical region lists 2/2; identical geometry 2/2,64x64 Pearson min=0.998898; max=0.999594,256-bit distance min=0; max=3,brightness|noise,Strongly Supported,best cross-split pair has 64x64 correlation >=0.995 and identical region list; acquisition identity unverified
257,test/257.jpg|train/257_brightness.jpg|train/257_noise.jpg,test|train,257.jpg|257_brightness.jpg|257_noise.jpg,test/257.jpg=369x277|train/257_brightness.jpg=369x277|train/257_noise.jpg=369x277,semi-mature apple,identical region lists 2/2; identical geometry 2/2,64x64 Pearson min=0.996486; max=0.999641,256-bit distance min=6; max=6,brightness|noise,Strongly Supported,best cross-split pair has 64x64 correlation >=0.995 and identical region list; acquisition identity unverified
2590,train/2590.jpg|train/2590_noise.jpg|val/2590_brightness.jpg,train|val,2590.jpg|2590_noise.jpg|2590_brightness.jpg,train/2590.jpg=369x277|train/2590_noise.jpg=369x277|val/2590_brightness.jpg=369x277,semi-mature apple,identical region lists 2/2; identical geometry 2/2,64x64 Pearson min=0.999016; max=0.999415,256-bit distance min=1; max=6,brightness|noise,Strongly Supported,best cross-split pair has 64x64 correlation >=0.995 and identical region list; acquisition identity unverified
2640,test/2640.jpg|val/2640_brightness.jpg|val/2640_noise.jpg,test|val,2640.jpg|2640_brightness.jpg|2640_noise.jpg,test/2640.jpg=369x277|val/2640_brightness.jpg=369x277|val/2640_noise.jpg=369x277,semi-mature apple,identical region lists 2/2; identical geometry 2/2,64x64 Pearson min=0.999376; max=0.999485,256-bit distance min=2; max=5,brightness|noise,Strongly Supported,best cross-split pair has 64x64 correlation >=0.995 and identical region list; acquisition identity unverified
266,train/266.jpg|train/266_brightness.jpg|val/266_noise.jpg,train|val,266.jpg|266_brightness.jpg|266_noise.jpg,train/266.jpg=369x277|train/266_brightness.jpg=369x277|val/266_noise.jpg=369x277,semi-mature apple,identical region lists 2/2; identical geometry 2/2,64x64 Pearson min=0.996924; max=0.999401,256-bit distance min=2; max=3,brightness|noise,Strongly Supported,best cross-split pair has 64x64 correlation >=0.995 and identical region list; acquisition identity unverified
267,test/267.jpg|train/267_brightness.jpg|val/267_noise.jpg,test|train|val,267.jpg|267_brightness.jpg|267_noise.jpg,test/267.jpg=369x277|train/267_brightness.jpg=369x277|val/267_noise.jpg=369x277,semi-mature apple,identical region lists 3/3; identical geometry 3/3,64x64 Pearson min=0.998116; max=0.999505,256-bit distance min=3; max=12,brightness|noise,Strongly Supported,best cross-split pair has 64x64 correlation >=0.995 and identical region list; acquisition identity unverified
2710,train/2710.jpg|train/2710_noise.jpg|val/2710_brightness.jpg,train|val,2710.jpg|2710_noise.jpg|2710_brightness.jpg,train/2710.jpg=369x277|train/2710_noise.jpg=369x277|val/2710_brightness.jpg=369x277,semi-mature apple,identical region lists 2/2; identical geometry 2/2,64x64 Pearson min=0.998246; max=0.998719,256-bit distance min=2; max=5,brightness|noise,Strongly Supported,best cross-split pair has 64x64 correlation >=0.995 and identical region list; acquisition identity unverified
2720,test/2720.jpg|train/2720_brightness.jpg|train/2720_noise.jpg,test|train,2720.jpg|2720_brightness.jpg|2720_noise.jpg,test/2720.jpg=369x277|train/2720_brightness.jpg=369x277|train/2720_noise.jpg=369x277,semi-mature apple,identical region lists 2/2; identical geometry 2/2,64x64 Pearson min=0.997585; max=0.999464,256-bit distance min=3; max=4,brightness|noise,Strongly Supported,best cross-split pair has 64x64 correlation >=0.995 and identical region list; acquisition identity unverified
288,train/288.jpg|train/288_brightness.jpg|val/288_noise.jpg,train|val,288.jpg|288_brightness.jpg|288_noise.jpg,train/288.jpg=369x277|train/288_brightness.jpg=369x277|val/288_noise.jpg=369x277,semi-mature apple,identical region lists 2/2; identical geometry 2/2,64x64 Pearson min=0.998596; max=0.999484,256-bit distance min=5; max=8,brightness|noise,Strongly Supported,best cross-split pair has 64x64 correlation >=0.995 and identical region list; acquisition identity unverified
2910,train/2910.jpg|train/2910_noise.jpg|val/2910_brightness.jpg,train|val,2910.jpg|2910_noise.jpg|2910_brightness.jpg,train/2910.jpg=369x277|train/2910_noise.jpg=369x277|val/2910_brightness.jpg=369x277,semi-mature apple,identical region lists 2/2; identical geometry 2/2,64x64 Pearson min=0.998329; max=0.998472,256-bit distance min=5; max=10,brightness|noise,Strongly Supported,best cross-split pair has 64x64 correlation >=0.995 and identical region list; acquisition identity unverified
2950,train/2950.jpg|val/2950_brightness.jpg|val/2950_noise.jpg,train|val,2950.jpg|2950_brightness.jpg|2950_noise.jpg,train/2950.jpg=369x277|val/2950_brightness.jpg=369x277|val/2950_noise.jpg=369x277,semi-mature apple,identical region lists 2/2; identical geometry 2/2,64x64 Pearson min=0.998643; max=0.999493,256-bit distance min=7; max=8,brightness|noise,Strongly Supported,best cross-split pair has 64x64 correlation >=0.995 and identical region list; acquisition identity unverified
2960,test/2960.jpg|train/2960_brightness.jpg|train/2960_noise.jpg,test|train,2960.jpg|2960_brightness.jpg|2960_noise.jpg,test/2960.jpg=277x369|train/2960_brightness.jpg=277x369|train/2960_noise.jpg=277x369,semi-mature apple,identical region lists 2/2; identical geometry 2/2,64x64 Pearson min=0.997949; max=0.999502,256-bit distance min=3; max=7,brightness|noise,Strongly Supported,best cross-split pair has 64x64 correlation >=0.995 and identical region list; acquisition identity unverified
2970,train/2970.jpg|train/2970_brightness.jpg|val/2970_noise.jpg,train|val,2970.jpg|2970_brightness.jpg|2970_noise.jpg,train/2970.jpg=277x369|train/2970_brightness.jpg=277x369|val/2970_noise.jpg=277x369,semi-mature apple,identical region lists 2/2; identical geometry 2/2,64x64 Pearson min=0.998567; max=0.999395,256-bit distance min=5; max=7,brightness|noise,Strongly Supported,best cross-split pair has 64x64 correlation >=0.995 and identical region list; acquisition identity unverified
302,test/302.jpg|train/302_brightness.jpg|train/302_noise.jpg,test|train,302.jpg|302_brightness.jpg|302_noise.jpg,test/302.jpg=277x369|train/302_brightness.jpg=277x369|train/302_noise.jpg=277x369,semi-mature apple,identical region lists 2/2; identical geometry 2/2,64x64 Pearson min=0.994995; max=0.999542,256-bit distance min=3; max=7,brightness|noise,Strongly Supported,best cross-split pair has 64x64 correlation >=0.995 and identical region list; acquisition identity unverified
3110,test/3110.jpg|train/3110_noise.jpg|val/3110_brightness.jpg,test|train|val,3110.jpg|3110_noise.jpg|3110_brightness.jpg,test/3110.jpg=369x277|train/3110_noise.jpg=369x277|val/3110_brightness.jpg=369x277,semi-mature apple,identical region lists 3/3; identical geometry 3/3,64x64 Pearson min=0.998993; max=0.999444,256-bit distance min=0; max=4,brightness|noise,Strongly Supported,best cross-split pair has 64x64 correlation >=0.995 and identical region list; acquisition identity unverified
img_12400,train/IMG_12400_brightness.jpg|val/IMG_12400.jpg,train|val,IMG_12400_brightness.jpg|IMG_12400.jpg,train/IMG_12400_brightness.jpg=404x303|val/IMG_12400.jpg=404x303,mature apple,identical region lists 1/1; identical geometry 1/1,64x64 Pearson min=0.996802; max=0.996802,256-bit distance min=5; max=5,brightness,Strongly Supported,best cross-split pair has 64x64 correlation >=0.995 and identical region list; acquisition identity unverified
img_12460,train/IMG_12460_brightness.jpg|val/IMG_12460.jpg,train|val,IMG_12460_brightness.jpg|IMG_12460.jpg,train/IMG_12460_brightness.jpg=404x303|val/IMG_12460.jpg=404x303,mature apple,identical region lists 1/1; identical geometry 1/1,64x64 Pearson min=0.998318; max=0.998318,256-bit distance min=3; max=3,brightness,Strongly Supported,best cross-split pair has 64x64 correlation >=0.995 and identical region list; acquisition identity unverified
img_12810,train/IMG_12810_brightness.jpg|val/IMG_12810.jpg,train|val,IMG_12810_brightness.jpg|IMG_12810.jpg,train/IMG_12810_brightness.jpg=404x303|val/IMG_12810.jpg=404x303,mature apple,identical region lists 1/1; identical geometry 1/1,64x64 Pearson min=0.997151; max=0.997151,256-bit distance min=4; max=4,brightness,Strongly Supported,best cross-split pair has 64x64 correlation >=0.995 and identical region list; acquisition identity unverified
img_1304,test/IMG_1304.jpg|train/IMG_1304_brightness.jpg|train/IMG_1304_noise.jpg,test|train,IMG_1304.jpg|IMG_1304_brightness.jpg|IMG_1304_noise.jpg,test/IMG_1304.jpg=404x303|train/IMG_1304_brightness.jpg=404x303|train/IMG_1304_noise.jpg=404x303,semi-mature apple,identical region lists 2/2; identical geometry 2/2,64x64 Pearson min=0.997877; max=0.999744,256-bit distance min=6; max=9,brightness|noise,Strongly Supported,best cross-split pair has 64x64 correlation >=0.995 and identical region list; acquisition identity unverified
img_13650,test/IMG_13650.jpg|train/IMG_13650_brightness.jpg|val/IMG_13650_noise.jpg,test|train|val,IMG_13650.jpg|IMG_13650_brightness.jpg|IMG_13650_noise.jpg,test/IMG_13650.jpg=404x303|train/IMG_13650_brightness.jpg=404x303|val/IMG_13650_noise.jpg=404x303,semi-mature apple,identical region lists 3/3; identical geometry 3/3,64x64 Pearson min=0.996408; max=0.999718,256-bit distance min=2; max=7,brightness|noise,Strongly Supported,best cross-split pair has 64x64 correlation >=0.995 and identical region list; acquisition identity unverified
img_13700,train/IMG_13700_brightness.jpg|val/IMG_13700.jpg,train|val,IMG_13700_brightness.jpg|IMG_13700.jpg,train/IMG_13700_brightness.jpg=404x303|val/IMG_13700.jpg=404x303,mature apple,identical region lists 1/1; identical geometry 1/1,64x64 Pearson min=0.995642; max=0.995642,256-bit distance min=1; max=1,brightness,Strongly Supported,best cross-split pair has 64x64 correlation >=0.995 and identical region list; acquisition identity unverified
img_1381,train/IMG_1381_brightness.jpg|val/IMG_1381.jpg,train|val,IMG_1381_brightness.jpg|IMG_1381.jpg,train/IMG_1381_brightness.jpg=404x303|val/IMG_1381.jpg=404x303,mature apple,identical region lists 1/1; identical geometry 1/1,64x64 Pearson min=0.996648; max=0.996648,256-bit distance min=2; max=2,brightness,Strongly Supported,best cross-split pair has 64x64 correlation >=0.995 and identical region list; acquisition identity unverified
img_1387,test/IMG_1387.jpg|train/IMG_1387_brightness.jpg|val/IMG_1387_noise.jpg,test|train|val,IMG_1387.jpg|IMG_1387_brightness.jpg|IMG_1387_noise.jpg,test/IMG_1387.jpg=404x303|train/IMG_1387_brightness.jpg=404x303|val/IMG_1387_noise.jpg=404x303,semi-mature apple,identical region lists 3/3; identical geometry 3/3,64x64 Pearson min=0.997606; max=0.999643,256-bit distance min=3; max=4,brightness|noise,Strongly Supported,best cross-split pair has 64x64 correlation >=0.995 and identical region list; acquisition identity unverified
img_1389,test/IMG_1389.jpg|train/IMG_1389_brightness.jpg|train/IMG_1389_noise.jpg,test|train,IMG_1389.jpg|IMG_1389_brightness.jpg|IMG_1389_noise.jpg,test/IMG_1389.jpg=404x303|train/IMG_1389_brightness.jpg=404x303|train/IMG_1389_noise.jpg=404x303,semi-mature apple,identical region lists 2/2; identical geometry 2/2,64x64 Pearson min=0.996890; max=0.999524,256-bit distance min=3; max=4,brightness|noise,Strongly Supported,best cross-split pair has 64x64 correlation >=0.995 and identical region list; acquisition identity unverified
img_1390,test/IMG_1390.jpg|train/IMG_1390_noise.jpg|val/IMG_1390_brightness.jpg,test|train|val,IMG_1390.jpg|IMG_1390_noise.jpg|IMG_1390_brightness.jpg,test/IMG_1390.jpg=404x303|train/IMG_1390_noise.jpg=404x303|val/IMG_1390_brightness.jpg=404x303,semi-mature apple,identical region lists 3/3; identical geometry 3/3,64x64 Pearson min=0.996655; max=0.999694,256-bit distance min=2; max=3,brightness|noise,Strongly Supported,best cross-split pair has 64x64 correlation >=0.995 and identical region list; acquisition identity unverified
img_13930,train/IMG_13930_brightness.jpg|val/IMG_13930.jpg,train|val,IMG_13930_brightness.jpg|IMG_13930.jpg,train/IMG_13930_brightness.jpg=404x303|val/IMG_13930.jpg=404x303,mature apple,identical region lists 1/1; identical geometry 1/1,64x64 Pearson min=0.997448; max=0.997448,256-bit distance min=3; max=3,brightness,Strongly Supported,best cross-split pair has 64x64 correlation >=0.995 and identical region list; acquisition identity unverified
img_13960,train/IMG_13960_brightness.jpg|val/IMG_13960.jpg,train|val,IMG_13960_brightness.jpg|IMG_13960.jpg,train/IMG_13960_brightness.jpg=404x303|val/IMG_13960.jpg=404x303,mature apple,identical region lists 1/1; identical geometry 1/1,64x64 Pearson min=0.994468; max=0.994468,256-bit distance min=6; max=6,brightness,Candidate,suffix/geometry evidence exists but 64x64 correlation below 0.995; do not merge
img_14040,train/IMG_14040_brightness.jpg|val/IMG_14040.jpg,train|val,IMG_14040_brightness.jpg|IMG_14040.jpg,train/IMG_14040_brightness.jpg=404x303|val/IMG_14040.jpg=404x303,mature apple,identical region lists 1/1; identical geometry 1/1,64x64 Pearson min=0.990993; max=0.990993,256-bit distance min=6; max=6,brightness,Candidate,suffix/geometry evidence exists but 64x64 correlation below 0.995; do not merge
img_1406,train/IMG_1406.jpg|train/IMG_1406_noise.jpg|val/IMG_1406_brightness.jpg,train|val,IMG_1406.jpg|IMG_1406_noise.jpg|IMG_1406_brightness.jpg,train/IMG_1406.jpg=404x303|train/IMG_1406_noise.jpg=404x303|val/IMG_1406_brightness.jpg=404x303,semi-mature apple,identical region lists 2/2; identical geometry 2/2,64x64 Pearson min=0.996001; max=0.996321,256-bit distance min=4; max=8,brightness|noise,Strongly Supported,best cross-split pair has 64x64 correlation >=0.995 and identical region list; acquisition identity unverified
img_1419,test/IMG_1419.jpg|train/IMG_1419_brightness.jpg|val/IMG_1419_noise.jpg,test|train|val,IMG_1419.jpg|IMG_1419_brightness.jpg|IMG_1419_noise.jpg,test/IMG_1419.jpg=404x303|train/IMG_1419_brightness.jpg=404x303|val/IMG_1419_noise.jpg=404x303,semi-mature apple,identical region lists 3/3; identical geometry 3/3,64x64 Pearson min=0.997893; max=0.999801,256-bit distance min=2; max=4,brightness|noise,Strongly Supported,best cross-split pair has 64x64 correlation >=0.995 and identical region list; acquisition identity unverified
img_14420,test/IMG_14420.jpg|train/IMG_14420_brightness.jpg|train/IMG_14420_noise.jpg,test|train,IMG_14420.jpg|IMG_14420_brightness.jpg|IMG_14420_noise.jpg,test/IMG_14420.jpg=404x303|train/IMG_14420_brightness.jpg=404x303|train/IMG_14420_noise.jpg=404x303,semi-mature apple,identical region lists 2/2; identical geometry 2/2,64x64 Pearson min=0.998932; max=0.999714,256-bit distance min=4; max=6,brightness|noise,Strongly Supported,best cross-split pair has 64x64 correlation >=0.995 and identical region list; acquisition identity unverified
img_1469,test/IMG_1469.jpg|train/IMG_1469_brightness.jpg|train/IMG_1469_noise.jpg,test|train,IMG_1469.jpg|IMG_1469_brightness.jpg|IMG_1469_noise.jpg,test/IMG_1469.jpg=404x303|train/IMG_1469_brightness.jpg=404x303|train/IMG_1469_noise.jpg=404x303,semi-mature apple,identical region lists 2/2; identical geometry 2/2,64x64 Pearson min=0.996951; max=0.999494,256-bit distance min=2; max=3,brightness|noise,Strongly Supported,best cross-split pair has 64x64 correlation >=0.995 and identical region list; acquisition identity unverified
img_54160,test/IMG_54160.jpg|train/IMG_54160_noise.jpg,test|train,IMG_54160.jpg|IMG_54160_noise.jpg,test/IMG_54160.jpg=404x303|train/IMG_54160_noise.jpg=404x303,semi-mature apple,identical region lists 1/1; identical geometry 1/1,64x64 Pearson min=0.999723; max=0.999723,256-bit distance min=2; max=2,noise,Strongly Supported,best cross-split pair has 64x64 correlation >=0.995 and identical region list; acquisition identity unverified
img_54190,test/IMG_54190.jpg|train/IMG_54190_noise.jpg,test|train,IMG_54190.jpg|IMG_54190_noise.jpg,test/IMG_54190.jpg=404x303|train/IMG_54190_noise.jpg=404x303,semi-mature apple,identical region lists 1/1; identical geometry 1/1,64x64 Pearson min=0.999557; max=0.999557,256-bit distance min=3; max=3,noise,Strongly Supported,best cross-split pair has 64x64 correlation >=0.995 and identical region list; acquisition identity unverified
img_54370,test/IMG_54370.jpg|train/IMG_54370_brightness.jpg|train/IMG_54370_noise.jpg,test|train,IMG_54370.jpg|IMG_54370_brightness.jpg|IMG_54370_noise.jpg,test/IMG_54370.jpg=404x303|train/IMG_54370_brightness.jpg=404x303|train/IMG_54370_noise.jpg=404x303,semi-mature apple,identical region lists 2/2; identical geometry 2/2,64x64 Pearson min=0.997365; max=0.999751,256-bit distance min=3; max=6,brightness|noise,Strongly Supported,best cross-split pair has 64x64 correlation >=0.995 and identical region list; acquisition identity unverified
img_54450,test/IMG_54450.jpg|train/IMG_54450_brightness.jpg|train/IMG_54450_noise.jpg,test|train,IMG_54450.jpg|IMG_54450_brightness.jpg|IMG_54450_noise.jpg,test/IMG_54450.jpg=404x303|train/IMG_54450_brightness.jpg=404x303|train/IMG_54450_noise.jpg=404x303,semi-mature apple,identical region lists 2/2; identical geometry 2/2,64x64 Pearson min=0.998055; max=0.999635,256-bit distance min=2; max=3,brightness|noise,Strongly Supported,best cross-split pair has 64x64 correlation >=0.995 and identical region list; acquisition identity unverified
img_55910,test/IMG_55910.jpg|train/IMG_55910_brightness.jpg|train/IMG_55910_noise.jpg,test|train,IMG_55910.jpg|IMG_55910_brightness.jpg|IMG_55910_noise.jpg,test/IMG_55910.jpg=404x303|train/IMG_55910_brightness.jpg=404x303|train/IMG_55910_noise.jpg=404x303,semi-mature apple,identical region lists 2/2; identical geometry 2/2,64x64 Pearson min=0.997680; max=0.999655,256-bit distance min=3; max=6,brightness|noise,Strongly Supported,best cross-split pair has 64x64 correlation >=0.995 and identical region list; acquisition identity unverified
