parameter,value,groups,size_distribution,largest_group,cross_official_split_groups,candidate_relation_count,components_changed_vs_current
named_corr64,0.993,1110,"{1: 941, 2: 64, 3: 95, 4: 4, 6: 6}",6,66,30,12
named_corr64,0.995,1114,"{1: 949, 2: 60, 3: 95, 4: 4, 6: 6}",6,65,35,0
named_corr64,0.997,1150,"{1: 1004, 2: 58, 3: 78, 4: 4, 6: 6}",6,60,100,108
dhash_distance,10,1114,"{1: 949, 2: 60, 3: 95, 4: 4, 6: 6}",6,65,29,0
dhash_distance,12,1114,"{1: 949, 2: 60, 3: 95, 4: 4, 6: 6}",6,65,35,0
dhash_distance,14,1114,"{1: 949, 2: 60, 3: 95, 4: 4, 6: 6}",6,65,44,0
visual_corr64,0.993,1114,"{1: 949, 2: 60, 3: 95, 4: 4, 6: 6}",6,65,32,0
visual_corr64,0.995,1114,"{1: 949, 2: 60, 3: 95, 4: 4, 6: 6}",6,65,35,0
visual_corr64,0.997,1116,"{1: 952, 2: 59, 3: 96, 4: 3, 6: 6}",6,64,45,6
visual_full_corr,0.95,1114,"{1: 949, 2: 60, 3: 95, 4: 4, 6: 6}",6,65,35,0
visual_full_corr,0.96,1114,"{1: 949, 2: 60, 3: 95, 4: 4, 6: 6}",6,65,35,0
visual_full_corr,0.97,1114,"{1: 949, 2: 60, 3: 95, 4: 4, 6: 6}",6,65,36,0
